variant_id,title,sku,price,available
42663557595218,Mocha Moment - Default Title,Bundle-MochaMoment,17.0,True
42663555891282,Berry Bold - Default Title,Bundle-BerryBold,17.0,True
42663554973778,Pretty Flushed - Default Title,Bundle-PrettyFlushed,17.0,True
42663553531986,Mochaccino Hour - Default Title,Bundle-MochaccinoHour,17.0,True
42663551729746,Muted Rose - Default Title,Bundle-MutedRose,17.0,True
42663550484562,Rose Cloud - Default Title,Bundle-RoseCloud,17.0,True
42663543046226,Soft Launch - Default Title,Bundle-SoftLaunch,17.0,True
42663542521938,Espresso Yourself - Default Title,Bundle-EspressoYourself,24.0,True
42663541407826,On Cloud Nude - Default Title,Bundle-OnCloudNude,24.0,True
42663541112914,Blushed Out - Default Title,Bundle-BlushedOut,24.0,True
42648339185746,Cloud Whip Lip Liner Collection - Default Title,Bundle-CloudWhipLipLinerCollection,64.0,True
42648329846866,Marmont Lane - Default Title,CloudWhipLipLiner-MarmontLane,9.0,True
42648325587026,Just Perfect - Default Title,CloudWhipLipLiner-JustPerfect,9.0,True
42648323424338,Undressed - Default Title,CloudWhipLipLiner-Undressed,9.0,True
42648321785938,No Notes - Default Title,CloudWhipLipLiner-NoNotes,9.0,True
42648319819858,Mochaccino - Default Title,CloudWhipLipLiner-Mochaccino,9.0,True
42648313987154,Iced Espresso - Default Title,CloudWhipLipLiner-IcedEspresso,9.0,True
42648310054994,Honeymoon Phase - Default Title,CloudWhipLipLiner-HoneymoonPhase,9.0,True
42646733946962,Beige Flag - Default Title,CloudWhipLipLiner-BeigeFlag,9.0,True
42439102857298,Sparkling Peach - Default Title,Bundle-SparklingPeach,30.0,True
42439102267474,Peachy Perfection - Default Title,Bundle-PeachyPerfection,30.0,True
42317382484050,Love That For Me - Default Title,Bundle-LoveThatForMe,79.0,True
42170079314002,All Eyes On Me - Default Title,Bundle-AllEyesOnMe,28.0,True
42170032128082,Coconut Cream and Soda - Default Title,Kit-CoconutCreamandSoda,18.0,True
41239454941266,Chrome Dreams - Default Title,Bundle-ChromeDreams,24.0,True
41239443505234,Out of the Blue - Default Title,Bundle-OutoftheBlue,18.0,False
41233134551122,Lips Don’t Lie - Default Title,Bundle-LipsDontLie,18.0,False
40672180600914,One Kiss - Default Title,UltraGlossyLip-OneKiss,9.0,True
39836138766418,Key Lime - Default Title,LipBalm-KeyLime_n,8.0,True
42389683077202,Lippie Heart Pouch - Default Title,Accessory-LippiePouchGWP,12.0,True
42389686059090,Creaseless Hair Clips - Default Title,Accessory-HairClipsGWP,12.0,True
42633851764818,Fall Mystery Box - Default Title,Bundle-Fallmysterybundle,49.0,True
41239445864530,Perfect 4 U - Default Title,Bundle-Perfect4U,24.0,True
39600351936594,Pore Real Cleanser - Default Title,FoamingCleanser-PoreReal,15.0,True
42459307573330,Jelly Glow Collection - Default Title,Bundle-JellyGlowCollection,54.0,True
42459306098770,Berry Fresh - Default Title,Bundle-BerryFresh,26.0,True
42459304689746,Juicy Glow - Default Title,Bundle-JuicyGlow,26.0,True
42459281686610,Silicone Jelly Wand - Default Title,Brush-SiliconeJellyWand,6.0,True
42459280736338,Strawberry Glaze - Default Title,LipandCheekJelly-StrawberryGlaze,10.0,True
42459279261778,Peachy Pop - Default Title,LipandCheekJelly-PeachyPop,10.0,True
42459278639186,Cherry Jelly - Default Title,LipandCheekJelly-CherryJelly,10.0,True
42459276804178,Bubblegum Bestie - Default Title,LipandCheekJelly-BubblegumBestie,10.0,True
42459270676562,Blueberry Pie - Default Title,LipandCheekJelly-BlueberryPie,10.0,True
42459281653842,Watermelon Gummy - Default Title,LipandCheekJelly-WatermelonGummy,10.0,True
39820104007762,Such A Flirt - Default Title,Vault-SuchAFlirt,29.0,True
40231741063250,Aurora Struck - Default Title,EyePalette-AuroraStruck,35.0,False
42389524873298,Heart Compact Mirror - Default Title,HeartMirror-ColourPop,12.0,True
42187556421714,Mistletoe Kisses - Default Title,Bundle-MistletoeKisses,19.0,True
42459592589394,Infinite Possibilities - Default Title,Bundle-InfinitePossibilities,108.0,True
40899088547922,Pokémon x ColourPop Collection - Default Title,Bundle-PokemonxColourPopCollection,159.0,False
40899063414866,Flamethrower - Default Title,SSShadow-Flamethrower,9.0,False
40899046342738,Transform - Default Title,PHLipstick-Transform,12.0,False
40899040215122,Thunderbolt - Default Title,PHLipstick-Thunderbolt,12.0,False
40889737510994,Pallet Town - Default Title,EyePalette-PalletTown,30.0,False
42459502280786,Sylveon - Default Title,GlitterallyObsessed-Sylveon,12.0,False
42459571060818,Touch of Sparkle - Default Title,Bundle-TouchofSparkle,29.0,False
42459557658706,Daybreak and Moonlight - Default Title,Bundle-DaybreakandMoonlight,32.0,True
40899043393618,Sing - Default Title,PHLipstick-Sing,12.0,False
42459329953874,Leafeon - Default Title,BFFLiner-Leafeon,11.0,True
42459326578770,Glaceon - Default Title,BFFLiner-Glaceon,11.0,True
42459323203666,Eeveelution - Default Title,EyePalette-Eeveelution,24.0,True
42459509162066,Eevee Headband - Default Title,Headband-Eevee,10.0,True
42459507163218,Umbreon - Default Title,GlossyBalm-Umbreon,12.0,True
42459506409554,Espeon - Default Title,GlossyBalm-Espeon,12.0,True
42459504738386,Eevee - Default Title,GlossyBalm-Eevee,12.0,True
42459515715666,Vaporeon - Default Title,ShadowStix-Vaporeon,12.0,True
42459513847890,Jolteon - Default Title,ShadowStix-Jolteon,12.0,True
42459511193682,Flareon - Default Title,ShadowStix-Flareon,12.0,True
42459560083538,"Cinder, Surge, and Tide - Default Title",Bundle-CinderSurgeandTide,32.0,True
42459569750098,Glacial Forest - Default Title,Bundle-GlacialForest,19.0,True
42466502967378,Balm Besties - Default Title,Bundle-BalmBesties,27.0,True
42440334311506,Double Kiss - Default Title,Bundle-DoubleKiss,28.0,True
42440327659602,Rock Sensation - Default Title,Kit-RockSensation,16.0,True
42440326938706,Malibu Dreaming - Default Title,Kit-MalibuDreaming,16.0,True
42439263060050,Best of Both Worlds - Default Title,EyePalette-BestOfBothWorlds,26.0,True
42440341258322,Secret Superstar - Default Title,LipGlossKeychain-SecretSuperstar,12.0,True
42440335556690,A Girl Like Me - Default Title,Bundle-GirlLikeMe,26.0,True
42440335491154,Being Hannah - Default Title,Bundle-BeingHannah,26.0,True
42440335425618,Just An Ordinary Girl - Default Title,Bundle-OrdinaryGirl,48.0,True
42440335294546,Star on Stage - Default Title,Bundle-StarOnStage,60.0,True
42440334082130,Star Pout - Default Title,Bundle-StarPout,22.0,True
42440331034706,Hannah Montana X ColourPop Collection - Default Title,Bundle-HannahMontanaXColourPopCollection,110.0,True
42440330608722,You’re a Star - Default Title,HairClips-YoureAStar,12.0,True
42440329658450,Stage Lights - Default Title,RollOnBodyGlitter-StageLights,14.0,True
42440328020050,Keeping It Real - Default Title,LipGlossKeychain-KeepingItReal,12.0,True
42440326185042,Double Life - Default Title,EyelinerAndStarStampDuo-DoubleLife,14.0,True
42433110114386,Holo Bestie - Default Title,PHLipBalm-HoloBestie,10.0,True
42433110048850,Pink Mood - Default Title,PHLipBalm-PinkMood,10.0,True
42433110016082,Clearly Cute - Default Title,PHLipBalm-ClearlyCute,10.0,True
42387386499154,Peach Jelly - Default Title,EyePalette-PeachJelly,14.0,True
42439058194514,Romantasy Collection - Default Title,Bundle-RomantasyCollection,108.0,True
42427657289810,Berry Glaze - Default Title,Bundle-BerryGlaze,26.0,True
42427656765522,Pink Core - Default Title,Bundle-PinkCore,26.0,True
42427415887954,Currently Trending - Default Title,Bundle-CurrentlyTrending,26.0,True
42427414708306,Best Nudes - Default Title,Bundle-BestNudes,26.0,True
42390866755666,Wine Glass - Default Title,HSGlossyLipstick-WineGlass,10.0,True
42390863609938,Who Is This Diva? - Default Title,HSGlossyLipstick-WhoIsThisDiva?,10.0,True
42390863446098,Sunday Brunch - Default Title,HSGlossyLipstick-SundayBrunch,10.0,True
42390863347794,Sugar N' Spice - Default Title,HSGlossyLipstick-SugarN'Spice,10.0,True
42390863183954,Pink It Over - Default Title,HSGlossyLipstick-PinkItOver,10.0,True
42390863085650,Mocha Melt - Default Title,HSGlossyLipstick-MochaMelt,10.0,True
42390862528594,Melrose Place - Default Title,HSGlossyLipstick-MelrosePlace,10.0,True
42390861938770,Meet Cute - Default Title,HSGlossyLipstick-MeetCute,10.0,True
42390860693586,Lover Girl - Default Title,HSGlossyLipstick-LoverGirl,10.0,True
42390860234834,Lavender Lemonade - Default Title,HSGlossyLipstick-LavenderLemonade,10.0,True
42390859448402,Honey Bunny - Default Title,HSGlossyLipstick-HoneyBunny,10.0,True
42390859382866,High Maintenance - Default Title,HSGlossyLipstick-HighMaintenance,10.0,True
42390859153490,DND - Default Title,HSGlossyLipstick-DND,10.0,True
42390857187410,Couldn't Be Me - Default Title,HSGlossyLipstick-Couldn'tBeMe,10.0,True
42390853976146,A Little Zhuzh - Default Title,HSGlossyLipstick-ALittleZhuzh,10.0,True
42390853648466,Airport Crush - Default Title,HSGlossyLipstick-AirportCrush,10.0,True
42367554519122,Made For Me - Default Title,SoJuicyStick-MadeForMe,10.0,True
42367554453586,Forbidden Love - Default Title,SoJuicyStick-ForbiddenLove,10.0,True
42367554420818,IMO - Default Title,SoJuicyStick-IMO,10.0,True
42367554388050,Heart Cake - Default Title,SoJuicyStick-HeartCake,10.0,True
42367549538386,Dinner Date - Default Title,SoJuicyStick-DinnerDate,10.0,True
42380655460434,Golden Glitz - Default Title,Bundle-GoldenGlitz,26.0,False
42380654870610,Glaze Over - Default Title,Bundle-GlazeOver,26.0,False
42380654575698,Pink Serve - Default Title,Bundle-PinkServe,26.0,True
42380654542930,Party Mode - Default Title,Bundle-PartyMode,26.0,False
42380654477394,Frost Out - Default Title,Bundle-FrostOut,26.0,False
42380654346322,Nudes On Lock - Default Title,Bundle-NudesOnLock,26.0,False
42380653854802,Extra Jelly - Default Title,Bundle-ExtraJelly,120.0,False
42380648185938,Stay Jelly - Default Title,JellyEyeshadowStick-StayJelly,10.0,True
42380647825490,Real Talk - Default Title,JellyEyeshadowStick-RealTalk,10.0,True
42380646940754,Pink Perfection - Default Title,JellyEyeshadowStick-PinkPerfection,10.0,True
42380645630034,Offline - Default Title,JellyEyeshadowStick-Offline,10.0,True
42380644122706,Make A Toast - Default Title,JellyEyeshadowStick-MakeAToast,10.0,False
42380642713682,Kinda Busy - Default Title,JellyEyeshadowStick-KindaBusy,10.0,True
42380642222162,Hyped - Default Title,JellyEyeshadowStick-Hyped,10.0,True
42380636749906,Hollywood Hills - Default Title,JellyEyeshadowStick-HollywoodHills,10.0,True
42380634488914,Happy Tears - Default Title,JellyEyeshadowStick-HappyTears,10.0,True
42380632948818,Golden Coast - Default Title,JellyEyeshadowStick-GoldenCoast,10.0,True
42380630786130,Forever Friday - Default Title,JellyEyeshadowStick-ForeverFriday,10.0,True
42380629344338,Diamond Girl - Default Title,JellyEyeshadowStick-DiamondGirl,10.0,True
42380628361298,Big Energy - Default Title,JellyEyeshadowStick-BigEnergy,10.0,False
42380615680082,Aura Points - Default Title,JellyEyeshadowStick-AuraPoints,10.0,False
42367555174482,Milk Coffee - Default Title,Kit-MilkCoffee,12.0,True
42367555371090,Plum Glaze - Default Title,Kit-PlumGlaze,12.0,True
42367555403858,Extra Mocha - Default Title,Kit-ExtraMocha,12.0,True
42385660641362,Unhinged - Default Title,SSShadow-Unhinged,7.0,True
42385660477522,Pink Icing - Default Title,SSShadow-PinkIcing,7.0,True
42385659822162,Glow Up - Default Title,SSShadow-GlowUp,7.0,True
42385659330642,Fairy Coded - Default Title,SSShadow-FairyCoded,7.0,True
42385658249298,Barely Trying - Default Title,SSShadow-BarelyTrying,7.0,True
42367543312466,11 Scoops - Default Title,SSShadow-11Scoops,7.0,True
42376108965970,Dreamiest Dollface Bundle - Default Title,Bundle-DreamiestDollface,18.0,True
42376104935506,Cheek Dreams Bundle - Default Title,Bundle-CheekDreams,17.0,True
42376099004498,Babydoll Glow Bundle - Default Title,Bundle-BabydollGlow,17.0,True
42376083701842,Pink Dreams Collection - Default Title,Bundle-PinkDreams,46.0,True
42368721027154,Like A Doll - Default Title,LiquidBlush-LikeADoll,10.0,True
42368720994386,Prettiest Pink - Default Title,LiquidBlush-PrettiestPink,10.0,True
42368720928850,Pink Aura - Default Title,SSHighlighter-PinkAura,9.0,True
42368720896082,Platinum Aura - Default Title,SSHighlighter-PlatinumAura,9.0,True
42368720797778,Pink Dreams - Default Title,EyePalette-PinkDreams,14.0,True
42358844227666,Neutral Swipe - Default Title,Bundle-NeutralSwipe,77.0,True
42335235833938,Angled Blending Face Brush - Default Title,Brush-LiquidBronzerF34,10.0,True
42335234818130,Paradise Cove - Default Title,LiquidBronzer-ParadiseCove,10.0,True
42335233900626,Surfrider Beach - Default Title,LiquidBronzer-SurfriderBeach,10.0,True
42335233572946,Sands Beach - Default Title,LiquidBronzer-SandsBeach,10.0,True
42335232720978,Corral Beach - Default Title,LiquidBronzer-CorralBeach,10.0,True
42335231967314,Sunset Beach - Default Title,LiquidBronzer-SunsetBeach,10.0,True
42335222988882,West Beach - Default Title,LiquidBronzer-WestBeach,10.0,True
42318982152274,Mini Raspberry Crème - Default Title,GlossyBalm-MiniRaspberryCreme,6.0,True
42307330900050,Mermaid Kisses - Default Title,Bundle-MermaidKisses,39.0,True
42307330736210,Jumping Jellyfish! - Default Title,Bundle-JumpingJellyfish,42.0,True
42307330703442,So Mer-mazing - Default Title,Bundle-SoMermazing,30.0,True
42285937786962,ColourPop and The Little Mermaid - Default Title,Bundle-ColourPopandTheLittleMermaidCollection,99.0,True
42285937623122,Soft Shell - Default Title,MultichromeHighlighter-SoftShell,12.0,True
42285937557586,Not A Guppy - Default Title,MultichromeHighlighter-NotAGuppy,12.0,True
42285929955410,The Little Mermaid Mirror - Default Title,Mirror-TheLittleMermaidMirror,12.0,True
42285924974674,The Ocean Will Be Mine - Default Title,Kit-TheOceanWillBeMine,16.0,True
42285923893330,Part of Your World - Default Title,Kit-PartOfYourWorld,16.0,True
42285336395858,Flounder Hair Clip - Default Title,HairClips-FlounderHairClip,10.0,True
42283948441682,Find Your Voice - Default Title,GlowyLipOil-FindYourVoice,12.0,True
42283944935506,Under the Sea - Default Title,EyePalette-UnderTheSea,22.0,True
42329209077842,Going Places - Default Title,BlushStix-GoingPlaces,10.0,True
42282584571986,Dream State - Default Title,BlushStix-DreamState,10.0,True
42282583752786,Beach Blvd - Default Title,BlushStix-BeachBlvd,10.0,True
42282582868050,Am I The Drama? - Default Title,BlushStix-AmITheDrama?,10.0,True
42282582474834,Love to See It - Default Title,BlushStix-LovetoSeeIt,10.0,True
42282575134802,High Demand - Default Title,BlushStix-HighDemand,10.0,True
42282574184530,Whimsy - Default Title,BlushStix-Whimsy,10.0,True
42282573332562,Digicam - Default Title,BlushStix-Digicam,10.0,True
42282573004882,S-Tier - Default Title,BlushStix-STier,10.0,True
40144506716242,Mini Me - Default Title,BlushStix-MiniMe_x,10.0,True
40144474669138,Cool It - Default Title,BlushStix-CoolIt_x,10.0,True
40144474308690,25/8 - Default Title,BlushStix-25/8_x,10.0,True
42282035380306,Silver Lining - Default Title,EyePalette-SilverLining,14.0,True
42282059759698,Positive Pout - Default Title,Bundle-Positive-Pout,26.0,True
42282059432018,Serving Optimism - Default Title,Bundle-Serving-Optimism,38.0,True
42282037411922,Glow Thru It - Default Title,SoJuicyOil-GlowThruIt,10.0,True
42282037117010,Everything’s Good - Default Title,SoJuicyOil-EverythingsGood,10.0,True
42282036592722,Shine On Babe - Default Title,SoJuicyOil-ShineOnBabe,10.0,True
42061068632146,Heat Warning - Default Title,Bundle-HeatWarning,55.0,True
31937207468114,Pledge Class - Default Title,SSShadow-PledgeClass,7.0,True
40889719259218,Stars Large Empty Palette - Default Title,Empty-LargePalette,10.0,True
41330821759058,A Shadow of Secrets - Default Title,EyePalette-AShadowofSecrets,23.0,True
42259918225490,Twilight Forever - Default Title,Bundle-TwilightForever,65.0,True
42214413140050,Eternal Eclipse - Default Title,Bundle-EternalEclipse,40.0,True
42214412812370,Coven Clash - Default Title,Bundle-CovenClash,18.0,True
42214412779602,Just Bitten - Default Title,Bundle-JustBitten,39.0,True
42214412648530,Immortal Kiss - Default Title,Bundle-ImmortalKiss,28.0,True
42214412517458,The Twilight Saga Eclipse X ColourPop - Default Title,Bundle-TheTwilightSagaEclipseXColourPop,93.0,True
42170080755794,Newborn - Default Title,PowderToCremeLipstick-Newborn,12.0,True
42170080690258,Change Me - Default Title,SSHighlighterCompact-ChangeMe,15.0,True
42170080657490,Newborn Army - Default Title,JellyMuch-NewbornArmy,10.0,True
42170080591954,Cullen Coven - Default Title,JellyMuch-CullenCoven,10.0,True
42170080559186,New Love - Default Title,Kit-NewLove,16.0,True
42170080526418,Opposites Attract - Default Title,Kit-OppositesAttract,16.0,True
42170080329810,Eclipse - Default Title,EyePalette-Eclipse,25.0,True
42255125348434,Sorry Not Sorry - Default Title,Bundle-SorryNotSorry,18.0,True
42170079608914,Gloss Me Up - Default Title,Bundle-GlossMeUp,24.0,True
42170076823634,Cuter than Cupid - Default Title,SSBlush-CuterThanCupid,12.0,True
42170076102738,Love At First Swipe - Default Title,Kit-LoveAtFirstSwipe,16.0,True
42170076004434,For Your Eyes Only - Default Title,Kit-ForYourEyesOnly,16.0,True
42170075971666,Still That Girl - Default Title,UltraGlossyLip-StillThatGirl,9.0,True
42170075938898,Your New Obsession - Default Title,UltraGlossyLip-YourNewObsession,9.0,True
42170075480146,2 Die 4 - Default Title,UltraGlossyLip-2Die4,9.0,True
42170075414610,Heart to Get - Default Title,EyePalette-HeartToGet,18.0,True
42257227087954,Sugar Lips - Default Title,Bundle-SugarLips1,27.0,True
12970025713746,Cool Cocoa Pencil - Default Title,BrowPencil-CoolCocoa,9.0,True
12969989537874,Champagne Blonde Pencil - Default Title,BrowPencil-ChampagneBlonde,9.0,True
22676583943,Dope Taupe Pencil - Default Title,BrowPencil-DopeTaupe,9.0,True
22676184647,Black N' Brown Pencil - Default Title,BrowPencil-BlackNBrown,9.0,True
22676069703,Bangin' Brunette Pencil - Default Title,BrowPencil-BangingBrunette,9.0,True
42170074890322,Clear - Default Title,BrowBossGel-Clear1,9.0,True
42170074857554,Soft Black - Default Title,BrowBossPencil-SoftBlack1,9.0,True
42170074824786,Ash Brown - Default Title,BrowBossPencil-AshBrown1,9.0,True
42170074792018,Dark Brown - Default Title,BrowBossPencil-DarkBrown1,9.0,True
42170074726482,Brunette - Default Title,BrowBossPencil-Brunette1,9.0,True
42170074660946,Light Brown - Default Title,BrowBossPencil-LightBrown1,9.0,True
42170074497106,Taupe - Default Title,BrowBossPencil-Taupe1,9.0,True
42170074464338,Blonde - Default Title,BrowBossPencil-Blonde1,9.0,True
42245771362386,Heavenly Nudes - Default Title,Bundle-HeavenlyNudes,27.0,True
42245771329618,Petal Plush - Default Title,Bundle-PetalPlush,27.0,True
42245771067474,Cloud Crushin - Default Title,Bundle-CloudCrushin,27.0,True
42245771001938,Mocha Plum - Default Title,Bundle-MochaPlum,18.0,True
42245770936402,Sunset Smooch - Default Title,Bundle-SunsetSmooch,18.0,True
42245770903634,Petal Cloud - Default Title,Bundle-PetalCloud,18.0,True
42245770510418,Cloud Kissed - Default Title,Bundle-CloudKissed,99.0,True
42170070564946,Storm Cloud - Default Title,CloudLiquidLipstick-StormCloud,10.0,True
42170069024850,Pretty Aura - Default Title,CloudLiquidLipstick-PrettyAura,10.0,True
42170068140114,So Dreamy - Default Title,CloudLiquidLipstick-SoDreamy,10.0,True
42170067419218,Mile High - Default Title,CloudLiquidLipstick-MileHigh,10.0,True
42170064961618,On Cloud 9 - Default Title,CloudLiquidLipstick-OnCloud9,10.0,True
42170063650898,In a Haze - Default Title,CloudLiquidLipstick-InaHaze,10.0,True
42170062536786,Candy Floss - Default Title,CloudLiquidLipstick-CandyFloss,10.0,True
42170061422674,Cloudy Hour - Default Title,CloudLiquidLipstick-CloudyHour,10.0,True
42170060439634,Sky's the Limit - Default Title,CloudLiquidLipstick-SkystheLimit,10.0,True
